{
  "builders": [{
    "type": "azure-arm",

    "client_id": "a5d89fba-b57f-46ed-82f0-43f31b92b868",
    "client_secret": "JYweu0hiJjxMP28yt9bvJv4lRwCZD9yBpQT5SrI7hAI=",
    "subscription_id": "3c2c2e90-30c9-4ff5-ab6b-eae577eb771a",
    "tenant_id": "7661c572-6ba5-488d-92d4-7eb4f76b3bc5",

    "resource_group_name": "animagerg",
    "storage_account": "animagesa",

    "capture_container_name": "images",
    "capture_name_prefix": "packer",

    "os_type": "Linux",
    "image_publisher": "RedHat",
    "image_offer": "RHEL",
    "image_sku": "7.3",

    "azure_tags": {
      "CreatedBy": "zk0v9bj",
      "AIT": "70656",
      "Environment": "dev"
    },

    "location": "Central US",
    "vm_size": "Standard_DS2_v2"
  }],
  "provisioners": [{
    "execute_command": "chmod +x {{ .Path }}; {{ .Vars }} sudo -E sh '{{ .Path }}'",
    "inline": [
      "apt-get update",
      "apt-get upgrade -y",

      "/usr/sbin/waagent -force -deprovision+user && export HISTSIZE=0 && sync"
    ],
    "inline_shebang": "/bin/sh -x",
    "type": "shell"
  }]
}
